[toc]

# 数据定义：创建与修改表结构

## 一、创建数据表

### 1. `MySQL`基本数据类型

- 数值类型
| 类型 | 大小 | 范围（由符号） | 范围（无符号） | 用途 |
| ---: | :--- | :--: | :--: | ---: |
| `tinyint` | 1字节 | $(-2^{7}, 2^{7}-1)$ | $(0, 2^{8}-1)$ | 整数值 |
| `smallint` | 2字节 | $(-2^{15}, 2^{15}-1)$ | $(0, 2^{16}-1)$ | 整数值 |
| `mediumint` | 3字节 | $(-2^{23}, 2^{23}-1)$ | $(0, 2^{24}-1)$ | 整数值 |
| `int` | 4字节 | $(-2^{31}, 2^{31}-1)$ | $(0, 2^{32}-1)$ | 整数值 |
| `bigint` | 8字节 | $(-2^{63}, 2^{63}-1)$ | $(0, 2^{64}-1)$ | 整数值 |
| `float` | 4字节 | (-3.402 823 466 E+38,<br>-1.175 494 351 E-38), <br>0, <br>(1.175 494 351 E-38,<br>3.402 823 466 351 E+38)| 0,<br>(1.175 494 351 E-38,<br>3.402 823 466 E+38)| 单精度浮点数值 |
| `double` | 8字节 | (-1.797 693 134 862 315 7E+308,<br>-2.225 073 858 507 201 4 E-308),<br>0,<br>(2.225 073 858 507 201 4 E-308,<br>1.797 693 134 862 315 7 E+308) | 0,<br>(2.225 073 858 507 201 4 E-308,<br>1.797 693 134 862 315 7 E+308)| 双精度浮点数 |
> 如果在这些数值类型前面加上`unsigned`，则为无符号数值，取值大于等于0。
- 字符类型
  
| 类型 | 大小 |  用途 |
| ---: | ---: |  ---: |
| `char` | 0~255字节 |   定长字符串 |
| `varchar` | 0~65535字节 |   变长字符串 |
| `tinyblob` | 0~255字节   | 不超过 255 个字符的二进制字符串|
| `tinytext` | 0~255字节   | 字符串|
| `blob` | 0~65535字节   | 二进制形式的字符串|
| `text` | 0~65535字节   | 字符串|
| `mediumblob` | 0~16,777,215字节   | 二进制形式的字符串|
| `mediumtext` | 0~16,777,215字节   | 字符串|
| `longblob` | 0~4294,967,295字节   | 二进制形式的字符串|
| `longtext` | 0~4294,967,295字节   | 字符串|

> `MySQL`中的`CHAR`和`VARCHAR`类型都是用于存储字符串的数据类型，不过在存储方式和使用场景上存在一些差异。以下是它们主要的区别：
>
> - **长度**：
>
>   - `CHAR` 类型的长度固定。例如，如果声明一个 `CHAR(10)`类型的字段，不论实际存储的字符串长度是多少，`MySQL`都会为其分配10个字符的空间，如果存储的字符串长度小于10，`MySQL`会在其后使用**空格**进行填充。
>
>   - `VARCHAR` 类型的长度则是可变的。例如，如果你声明一个 `VARCHAR(10)` 类型的字段，`MySQL`会根据实际存储的字符串长度来分配空间（最大长度为10）。也就是说，如果一个 `VARCHAR(10)`字段存储了一个5个字符的字符串，那么它只会使用5个字符的空间。
>
> - **性能**：
>
>   - `CHAR` 类型由于长度固定，因此在进行查询时速度可能会稍微快一点。
>
>   - `VARCHAR` 类型在存储字符串时长度可变，适合存储长度大范围变动的字符串，它的存储效率更高，特别是当表中有大量的字符串且这些字符串的长度相差非常大时。
>
> - **使用场景**：
>
>   - `CHAR` 类型适合存储长度固定的字符串，例如性别、国家代码等。
>
>   - `VARCHAR` 类型适合存储长度可变的字符串，例如地址、描述信息等。

- 时间/日期类型

| 类型 | 大小 | 范围 | 格式 | 用途 |
| ---: | :--: | ---: | ---: | ---: |
| `date` | 3字节 | '1000-01-01'/'9999-12-31' | YYYY-MM-DD  | 日期值|
| `time` | 3字节 | '-838:59:59'/'838:59:59'  |HH:MM:SS  | 时间值|
| `year` | 1字节 | '1901'~'2155' | YYYY  | 年份值|
| `datetime` | 8字节 |'1000-01-01 00:00:00' ~ '9999-12-31 23:59:59'  | YYYY-MM-DD HH:MM:SS  | 混合时间日期|
| `timestamp` | 4字节 |1970-01-01 00:00:00/2038<br>结束时间是第 2147483647 秒，<br>北京时间 2038-1-19 11:14:07，<br>格林尼治时间 2038年1月19日 凌晨 03:14:07  | YYYYMMDD HHMMSS  | 混合时间日期, 时间戳|

- 枚举类型
  `enum(A, B, C, ....)`定义1个集合，最多可以存储65535个成员。属性只能取一个值，该值被限制在一个预定义的值列表中。
  例如：

  ```mysql
  CREATE TABLE person (
      id INT AUTO_INCREMENT PRIMARY KEY,
      name VARCHAR(100),
      gender ENUM('男', '女') NOT NULL
  );
  
  insert into person(id, name, gender)
  values (1, '张三', '男'), (2, '李四', '女'), (3, '王五', '男');
  
  select * from person;
  ```
  
  在以上示例中，`person` 表有三个字段：`id`、`name` 和 `gender`。`id` 是自增的主键，`name` 是一个可以存储最多100个字符的字符串，而`gender`是一个枚举类型，只能存储`'男'`或`'女'`这两个选项。`NOT NULL` 约束确保在插入新记录时必须为`gender`列提供值。
  
- 集合类型

  `SET`定义一个字符串对象，可以有0个或多个值，这些值用逗号分割，取值被限制在一个预定义值列表中。

  例如：

  ```mysql
  CREATE TABLE example (
      id INT,
      attributes SET('Bold', 'Italic', 'Underline')
  );
  
  insert into example values(1, 'Bold,Italic'),
  	(2, 'Italic')
  	(3, 'Bold,Italic,Underline')
  	(4, 'Underline');
  	
  select * from example;
  ```

  在这个例子中，`attributes`列被定义为`SET`类型，并且它可以包含三个预定义的字符串值：` 'Bold','Italic','Underline'`。每个记录的`attributes`列可以包含这些值中的任意组合，包括所有三个值、两个值、一个值，或者可以没有任何值（即空集）。

- **空间数据类型**：用于存储地理空间数据，如点、线和多边形等

  在`MySQL`中，空间数据类型用于存储地理空间数据，即与地理位置相关的数据。这些类型基于OpenGIS标准，可以存储点、线和多边形等几何形状。下面是一些常用的空间数据类型及其定义示例：
  - **点（POINT）**：表示一个地理位置的点。
     ```sql
     CREATE TABLE geom (g POINT);
     ```
  - **线串（LINESTRING）**：表示两个或多个点之间的一系列线段。
     ```sql
     CREATE TABLE geom (g LINESTRING);
     ```
  - **多边形（POLYGON）**：表示一个封闭的多边形区域。
     ```sql
     CREATE TABLE geom (g POLYGON);
     ```
  - **多点（MULTIPOINT）**：表示一个包含多个点的集合。
     ```sql
     CREATE TABLE geom (g MULTIPOINT);
     ```
  - **多线串（MULTILINESTRING）**：表示多个线串的集合。
     ```sql
     CREATE TABLE geom (g MULTILINESTRING);
     ```
  - **多多边形（MULTIPOLYGON）**：表示多个多边形的集合。
     ```sql
     CREATE TABLE geom (g MULTIPOLYGON);
     ```
  - **几何集合（GEOMETRYCOLLECTION）**：表示一个包含任意类型几何对象的集合。
     ```sql
     CREATE TABLE geom (g GEOMETRYCOLLECTION);
     ```
     在定义这些空间数据类型的列时，可以使用`SPATIAL`索引来提高查询效率。例如，如果你想在`POINT`类型的列上创建一个空间索引，你可以这样做：
    ```sql
    CREATE TABLE geom (g POINT, SPATIAL INDEX(g));
    ```
	   使用空间数据类型时，你还可以使用`MySQL`提供的空间函数来执行复杂的空间分析，例如计算距离、检查包含关系等。

- **`JSON`数据类型**：专门用于存储`JSON(JavaScript Object Notation)`文档

### 2. 创建表的语法

```sql
CREATE TABLE [数据库名.]表名
( 字段名1 数据类型[(最小宽度)] [完整性约束条件],  
  字段名2 数据类型[(最小宽度)] [完整性约束条件],  
   ．．．．．．  
  字段名n 数据类型[(最小宽度)] [完整性约束条件],
  完整性约束
) [其它表级定义];
```
>注意
>
>- 对字段性质的不同说明用空格隔开
>- 不同字段的定义用逗号`,`隔开
>- 表定义结束后用`;`终结 

#### 示例1：创建数据表`stu_info`
```mysql {.line-numbers}
CREATE DATABASE stu_info; -- 准备工作
USE stu_info;
CREATE TABLE tb_grade(id INT,
    name VARCHAR(20),
    grade FLOAT);
```

>注意
>
>- 数据表必须定义在某一具体数据库当中，因此先创建了`stu_info`数据库，然后选定它并在其中创建表`tb_grade`
>- 也可不选定数据库，采用`<db_name>.<tb_name>`的方式指定在某一数据中创建表。
>- 在`MySQL5.7`版本中，可以指定整型的显示宽度。例如，`int(11)`指的是字符显示宽度最小宽度为`11`，可以结合`usigned zerofill`一起使用。在`MySQL Server 8.0`以上版本会有警告`[HY000][1681] Integer display width is deprecated and will be removed in a future release.`
```mysql {.line-numbers}
-- 指定在stu_info中创建表tb_grade_2
CREATE TABLE purchase.tb_grade_2(id INT,
    name VARCHAR(20),
    grade FLOAT);
```

### 3. 查看表的数据定义

<span style="background-color:lightgray;padding:0.2em;border-radius:2px">基本语法命令:</span>

```mysql
SHOW CREATE TABLE [<db_name>.]<table_name>;
```
#### 示例2：使用`SHOW CREATE TABLE`查看数据表`tb_grade`的DDL.
```mysql
SHOW CREATE TABLE tb_grade;
```
> 执行结果
```mysql
+----------+--------------------------------------------------------------------+
| Table    | Create Table                                                       |
+----------+--------------------------------------------------------------------+
| tb_grade | CREATE TABLE `tb_grade` (
  `id` int(11) DEFAULT NULL,
  `name` varchar(20) DEFAULT NULL,
  `grade` float DEFAULT NULL
) ENGINE=InnoDB DEFAULT CHARSET=utf8mb4 COLLATE=utf8mb4_0900_ai_ci |
+----------+--------------------------------------------------------------------+
1 row in set (0.01 sec)
```

### 4. 查看表结构

<span style="background-color:lightgray;padding:0.2em;border-radius:2px">基本语法命令:</span>

```mysql
DESC [<db_name>.]<table_name>;
-- 或者写全
DESCRIBE [<db_name>.]<table_name>;
```
 注意: `DESC`后不用加`TABLE`关键字

#### 示例3：使用`DESCRIBE`查看数据表`tb_grade`的结构

```mysql
DESC tb_grade;
```
> 执行结果
```mysql
+-------+-------------+------+-----+---------+-------+
| Field | Type        | Null | Key | Default | Extra |
+-------+-------------+------+-----+---------+-------+
| id    | int(11)     | YES  |     | NULL    |       |
| name  | varchar(20) | YES  |     | NULL    |       |
| grade | float       | YES  |     | NULL    |       |
+-------+-------------+------+-----+---------+-------+
3 rows in set (0.02 sec)
```

### 课堂练习2

创建数据库`Purchase`，然后在该库中创建数据表`Product`，表结构和属性设置如下表所示：  

| 字段    | 数据类型     |说明|
| :------------- | :------------- |:------------- |
| `Product_ID`   | `char(10)`    |商品编号        |
| `Product_Name` | `varchar(100)` |商品名称        |
| `Product_Code` | `varchar(10)`  |商品编码        |
| `Price`        | `float`        |商品价格        |
| `Place`        | `char(10)`     |商品产地        |
| `Unit`         | `varchar(20)`  |单位           |
| `Detail`       | `varchar(20)`  |规格           |
| `SubSort_ID`   | `varchar(10)`  |子类别编号       |
| `Sort_ID`      | `varchar(10)`  |类别编号         |
| `Description`  | `varchar(255)` |商品说明       |

> "说明"相当于编程中的注释，可以通过`comment`定义在表或者属性定义的末尾，例如：
>
> ```mysql
> CREATE TABLE test (t_id int COMMENT '测验编号',
>                 t_name varchar(50) COMMENT '测验名称') COMMENT '测试';
> SHOW CREATE TABLE test;
> ```
>
> ```mysql
> ***************************[ 1. row ]***************************
> Table        | test
> Create Table | CREATE TABLE `test` (
>   `t_id` int DEFAULT NULL COMMENT '测验编号',
>   `t_name` varchar(50) DEFAULT NULL COMMENT '测验名称'
> ) ENGINE=InnoDB DEFAULT CHARSET=utf8mb4 COLLATE=utf8mb4_0900_ai_ci COMMENT='测验'
> ```

## 二、数据表结构的修改

如果创建表之后发现对部分字段、约束或者索引的定义有误，则可以通过数据定义语言修改表结构。
### 1. 修改表名

<span style="background-color:lightgray;padding:0.2em;border-radius:2px">基本语法命令:</span>

```mysql
ALTER TABLE 原表名 RENAME 新表名;
-- 或者
RENAME TABLE 原表名 TO 新表名;
```

首先创建`tb_grade`表：

```mysql
CREATE TABLE tb_grade (id int, name varchar(20), grade float);
```

#### 示例4：将数据表`tb_grade`名修改为`grade`

```mysql
ALTER TABLE tb_grade RENAME TO grade;
/*
或者
RENAME TABLE tb_grade TO grade;
*/
DESC grade;
```
### 2. 修改字段名称
<span style="background-color:lightgray;padding:0.2em;border-radius:2px">基本语法命令:</span>

```mysql
ALTER TABLE 表名 CHANGE [COLUMN] 原字段名  数据类型 [约束条件][FIRST|AFTER 已存在字段名];
```

#### 示例5：将数据表`grade`中的`name`字段改为`username`

```mysql
ALTER TABLE grade CHANGE `name` `username` VARCHAR(20);
DESC grade;
```
>注意：更改后的属性的数据类型不能为空

### 3. 修改字段属性

<span style="background-color:lightgray;padding:0.2em;border-radius:2px">基本语法命令:</span>

```mysql
ALTER TABLE 表名 MODIFY [COLUMN] 字段名 数据类型 [约束条件][FIRST|AFTER 已存在字段名];
```
#### 示例6：将数据表`grade`中`id`字段的数据类型由`INT`修改为`MEDIUMINT`

```mysql
ALTER TABLE `grade` MODIFY `id` INT;
DESC `grade`;

-- 或者
ALTER TABLE `grade` CHANGE COLUMN `id` `id` MEDIUMINT;
DESC `grade`;
```
### 4. 添加字段
<span style="background-color:lightgray;padding:0.2em;border-radius:2px">基本语法命令：</span>

```mysql
ALTER TABLE 表名 ADD [COLUMN] 新字段名 数据类型 [约束条件][FIRST|AFTER 已存在字段名];
```
>注意：
>
>- `FIRST` 是可选参数，用于将新添加的字段设置为表的第一个字段
>-  `AFTER` 是可选参数，用于将新添加的字段添加到指定的“已存在字段名”的后面。

#### 示例7：将数据表`grade`中的添加数据类型为`DATE`的字段`birthday`

```mysql
ALTER TABLE `grade` ADD `birthday` DATE AFTER `username`;
DESC `grade`;
```
### 5. 删除字段

<span style="background-color:lightgray;padding:0.2em;border-radius:2px">基本语法命令：</span>
```mysql
ALTER TABLE 表名 DROP [COLUMN] 字段名;
```
#### 示例8：将数据表`grade`中`birthday`字段删除

```mysql
ALTER TABLE `grade` DROP `birthday`;
DESC `grade`;
```
### 6. 复制表
<span style="background-color:lightgray;padding:0.2em;border-radius:2px">基本语法命令：</span>
```mysql
CREATE TABLE 表1 SELECT * FROM 表2;
```
> 如果只是复制表结构可以使用
>
> ```mysql
> CREATE TABLE 表1 LIKE 表2;
> ```
>
> 或者
>
> ```mysql
> CREATE TABLE 表1 SELECT * FROM 表2 WHERE 1=0;
> ```

#### 示例9：将数据表`grade`复制为`grade_bak`表

```mysql
CREATE TABLE grade_bac select * from grade;
DESC grade_bac;
```

### 7. 字段排序

<span style="background-color:lightgray;padding:0.2em;border-radius:2px">基本语法命令：</span>
```mysql
ALTER TABLE 表名 MODIFY 字段名1 数据类型 [约束条件][FIRST|AFTER 已存在字段名];
```
#### 示例10：将数据表`grade_bak`中`username`字段修改至第一个字段

```mysql
ALTER TABLE grade_bac MODIFY username VARCHAR(20) FIRST;
DESC grade_bac;
```
#### 示例11：将数据表`grade_bak`中`id`字段插入到`grade`字段后面

```mysql
ALTER TABLE grade_bac MODIFY id MEDIUMINT AFTER grade;
DESC grade_bac;
```
### 8. 删除表

<span style="background-color:lightgray;padding:0.2em;border-radius:2px">基本语法命令：</span>

```mysql
DROP TABLE 表名;
```
#### 示例12：删除数据表`grade_bak`

```mysql
DROP TABLE grade_bac;
DESC grade;
```
### 课堂练习3

- 将数据表`Product`名修改为`tb_product`。
- 修改数据表中字段`Place`名为`Product_Place`，数据类型为`varchar(50)`。
- 增加`Product_Date`字段，数据类型为`Date`。
- 删除`Description`字段。
- 将`Product_Place`和`Product_Date`字段位置移动到`Price`字段之前。
