## 一、创建数据表

### 1. 创建表的语法

```sql
CREATE TABLE 表名  
( 字段名1 数据类型 [完整性约束条件],  
  字段名2 数据类型 [完整性约束条件],  
   ．．．．．．  
  字段名n 数据类型 [完整性约束条件],  
) [其它表级定义];
```
- 注意
    1. 对字段性质的不同说明用空格` `隔开
    2. 不同字段的定义用逗号`,`隔开
    3. 表定义结束后用`;`终结 

#### 课堂示例1：创建数据表`tb_grade`
```sql {.line-numbers}
CREATE DATABASE stu_info;
USE stu_info;
CREATE TABLE tb_grade(id INT(11),
    name VARCHAR(20),
    grade FLOAT);
```

- 说明
    1. 数据表必须定义在某一具体数据库当中，因此先创建了`stu_info`数据库，然后选定它并在其中创建表`tb_grade`;
    2. 也可不选定数据库，采用`<db_name>.<tb_name>`的方式指定在某一数据中创建表.
```sql {.line-numbers}
  -- 指定在stu_info中创建表tb_grade_2
  CREATE TABLE stu_info.tb_grade_2(id INT(11),
      name VARCHAR(20),
      grade FLOAT);
```

### 2. 查看表的数据定义语句和表结构

#### 2.1 查看表的数据定义
基本命令:
```sql
SHOW CREATE TABLE <table_name>;
```
#### 课堂示例2：使用`SHOW CREATE TABLE`查看数据表`tb_grade`
```sql
show create table tb_grade\G
```
  > 执行结果
```
*************************** 1. row ***************************
          Table: tb_grade
    Create Table: CREATE TABLE `tb_grade` (
      `id` int(11) DEFAULT NULL,
      `name` varchar(20) DEFAULT NULL,
      `grade` float DEFAULT NULL
    ) ENGINE=InnoDB DEFAULT CHARSET=utf8mb4 COLLATE=utf8mb4_0900_ai_ci
    1 row in set (0.01 sec)
```
或者
```sql
show create table tb_grade;
```
> 执行结果
```
+----------+-------------------------------------------------------------------------------------------------------------------------------------------------------------------------------------------+
| Table    | Create Table                                                                                                                                                                              |
+----------+-------------------------------------------------------------------------------------------------------------------------------------------------------------------------------------------+
| tb_grade | CREATE TABLE `tb_grade` (
  `id` int(11) DEFAULT NULL,
  `name` varchar(20) DEFAULT NULL,
  `grade` float DEFAULT NULL
) ENGINE=InnoDB DEFAULT CHARSET=utf8mb4 COLLATE=utf8mb4_0900_ai_ci |
+----------+-------------------------------------------------------------------------------------------------------------------------------------------------------------------------------------------+
1 row in set (0.01 sec)
```

#### 2.1 查看表结构
基本命令:
```sql
DESC <table_name>;
```
 注意: `DESC`后不用加`TABLE`

#### 课堂示例3：使用`DESCRIBE`查看数据表`tb_grade`的结构
```sql
DESC tb_grade;
```
> 执行结果
```
+-------+-------------+------+-----+---------+-------+
| Field | Type        | Null | Key | Default | Extra |
+-------+-------------+------+-----+---------+-------+
| id    | int(11)     | YES  |     | NULL    |       |
| name  | varchar(20) | YES  |     | NULL    |       |
| grade | float       | YES  |     | NULL    |       |
+-------+-------------+------+-----+---------+-------+
3 rows in set (0.02 sec)
```

#### 课堂练习1
创建数据库Purchase，在该库中创建数据表Product，表结构和属性设置如下表所示：  

| 字段    | 数据类型     |说明|
| :------------- | :------------- |:------------- |
| Product_ID     | char(10)       |商品编号        |
| Product_Name   | varchar(100)   |商品名称        |
| Product_Code   | varchar(10)    |商品编码        |
| Price          | float          |商品价格        |
| Place          | char(10)       |商品产地        |
| Unit           | varchar(20)    |单位           |
| Detail         | varchar(20)    |规格           |
| SubSort_ID     | varchar(10)    |子类别ID       |
| Sort_ID        | varchar(10)    |类别ID         |
| Description    | varchar(255)   |商品说明       |

```sql {.line-numbers}
CREATE DATABASE purchase;
USE purchase;
CREATE TABLE Product (Product_ID CHAR(10) COMMENT '商品编号',
                      Product_Name VARCHAR(100) COMMENT '商品名称',
                      Product_Code VARCHAR(10) COMMENT '商品编码',
                      Price FLOAT COMMENT '价格',
                      Place CHAR(20) COMMENT '产地',
                      Unit VARCHAR(20) COMMENT '单位',
                      Detail VARCHAR(20) COMMENT '规格',
                      SubSort_ID VARCHAR(10) COMMENT '子类别id',
                      Sort_ID VARCHAR(10) COMMENT '跟类别id',
                      Description VARCHAR(255) COMMENT '商品说明');  # 关键字和自定义变量对大小写不敏感
DESC product;
```

## 二、数据表结构的修改
### 1. 修改表名
基本命令:
```sql
ALTER TABLE 表名 RENAME 新表名;
```

```sql
CREATE TABLE tb_grade (id int(11), name varchar(20), grade float);
```

#### 课堂示例4：将数据表`tb_grade`名修改为`grade`
```sql
ALTER TABLE tb_grade rename TO grade;
DESC grade;
```
### 2. 修改字段名称
基本命令:
```sql
ALTER TABLE 表名 CHANGE [COLUMN] 字段名 数据类型 [约束条件][FIRST|AFTER 已存在字段名];
```

#### 课堂示例5：将数据表`grade`中的`name`字段改为`username`
```sql
ALTER TABLE grade change `name` `username` VARCHAR(20);
DESC grade;
```
- 注意：更改后的数据类型不能为空

### 3. 修改字段属性
基本命令:
```sql
ALTER TABLE 表名 MODIFY [COLUMN] 字段名 数据类型 [约束条件][FIRST|AFTER 已存在字段名];
```
#### 课堂示例6：将数据表`grade`中`id`字段的数据类型由`INT(11)`修改为`INT(20)`
```sql
ALTER TABLE grade MODIFY id INT(20);
DESC grade;

-- 或者

ALTER TABLE grade change column id id INT(30);
DESC grade;
```
### 4. 添加字段
基本命令：
```sql
ALTER TABLE 表名 ADD [COLUMN] 新字段名 数据类型 [约束条件][FIRST|AFTER 已存在字段名];
```
- 注意：
   (1) `FIRST` 是可选参数，用于将新添加的字段设置为表的第一个字段；
   (2) `AFTER` 是可选参数，用于将新添加的字段添加到指定的“已存在字段名”的后面。

#### 课堂示例7：将数据表`grade`中的添加数据类型为`INT`的字段`age`
```sql
ALTER TABLE grade add age int(3) after username;
DESC grade;
```
### 5. 删除字段
基本命令：
```sql
ALTER TABLE 表名 DROP [COLUMN] 字段名;
```
#### 课堂示例8：将数据表`grade`中`age`字段删除
```sql
ALTER TABLE grade drop age;
DESC grade;
```
### 6. 复制表
基本命令：
```sql
CREATE TABLE 表1 SELECT * FROM 表2;
```
#### 课堂示例9：将数据表`grade`复制为`grade_bak`表
```sql
CREATE TABLE grade_bac select * from grade;
DESC grade_bac;
```

### 7. 字段排序
基本命令：
```sql
ALTER TABLE 表名 MODIFY 字段名1 数据类型 [约束条件][FIRST|AFTER 已存在字段名];
```
#### 课堂示例10：将数据表`grade_bak`中`username`字段修改至第一个字段
```sql
ALTER TABLE grade_bac MODIFY username VARCHAR(20) FIRST;
DESC grade_bac;
```
#### 课堂示例11：将数据表`grade_bak`中`id`字段插入到`grade`字段后面
```sql
ALTER TABLE grade_bac MODIFY id INT(20) AFTER grade;
DESC grade_bac;
```
### 8. 删除表
基本命令：
```sql
DROP TABLE 表名;
```
#### 课堂示例12：删除数据表`grade_bak`
```sql
DROP TABLE grade_bac;
DESC grade;
```
#### 课堂练习2
- 将数据表`Product`名修改为`tb_product`。
- 修改数据表中字段`Place`名为`Product_Place`，数据类型为`varchar(50)`。
- 增加`Product_Date`字段，数据类型为`Date`。
- 删除`Description`字段。
- 将`Product_Place`和`Product_Date`字段位置移动到`Price`字段之前。

```sql
ALTER TABLE product RENAME TO tb_product;
ALTER TABLE tb_product CHANGE COLUMN Place Product_Place varchar(50);
ALTER TABLE tb_product add COLUMN Product_Date Date;
ALTER TABLE tb_product DROP COLUMN Description;
ALTER TABLE tb_product MODIFY COLUMN Product_Date DATE AFTER Product_Place;  #修改字段顺序

ALTER TABLE tb_product RENAME COLUMN TO product;
```
